{"tag": {"16": {"data": 0.14403410495896618, "id": ["H0036588"]}, "17": {"data": 0.27546368304135865, "id": ["H0036588", "H0036541", "H0037023"]}, "18": {"data": 0.043210231487689856, "id": ["H0036588"]}, "19": {"data": 0.08263910491240757, "id": ["H0036588", "H0036541", "H0037023"]}, "20": {"data": 0.08263910491240757, "id": ["H0036588", "H0036541", "H0037023"]}, "21": {"data": 0.06181986525836267, "id": ["H0036588", "H0036541"]}, "22": {"data": 0.06181986525836267, "id": ["H0036588", "H0036541"]}, "23": {"data": 0.1226223815339639, "id": ["H0036588", "H0036588", "H0036541", "H0036541", "H0036584", "H0036584", "H0037023", "H0037023", "H0037024", "H0037024", "H0037081", "H0037081", "H0036571", "H0036571", "H0036640", "H0037003", "H0037131"]}, "24": {"data": 0.1557100373921744, "id": ["H0036588", "H0036541", "H0036584", "H0037023", "H0037024", "H0037081", "H0036571"]}, "25": {"data": 0.14403410495896618, "id": ["H0036588"]}, "26": {"data": 0.20606621752787557, "id": ["H0036588", "H0036541"]}, "27": {"data": 0.06181986525836267, "id": ["H0036588", "H0036541"]}, "28": {"data": 0.07479850588838223, "id": ["H0036588", "H0036960"]}, "29": {"data": 0.07479850588838223, "id": ["H0036588", "H0036960"]}, "30": {"data": 0.06181986525836267, "id": ["H0036588", "H0036541"]}, "31": {"data": 0.4160415085518157, "id": ["H0036588", "H0036541", "H0036584", "H0037023", "H0037024", "H0037024", "H0036744", "H0037081", "H0036571"]}, "32": {"data": 0.043210231487689856, "id": ["H0036588"]}, "33": {"data": 0.06181986525836267, "id": ["H0036588", "H0036541"]}, "34": {"data": 0.06181986525836267, "id": ["H0036588", "H0036541"]}, "35": {"data": 0.06181986525836267, "id": ["H0036588", "H0036541"]}, "36": {"data": 0.043210231487689856, "id": ["H0036588"]}, "37": {"data": 0.06181986525836267, "id": ["H0036588", "H0036584"]}, "38": {"data": 0.043210231487689856, "id": ["H0036588"]}, "39": {"data": 0.06181986525836267, "id": ["H0036588", "H0036541"]}, "40": {"data": 0.043210231487689856, "id": ["H0036588"]}, "41": {"data": 0.043210231487689856, "id": ["H0036588"]}, "42": {"data": 0.14403410495896618, "id": ["H0036541"]}, "43": {"data": 0.14403410495896618, "id": ["H0036584"]}, "44": {"data": 0.07479850588838223, "id": ["H0036885", "H0036537"]}, "45": {"data": 0.07479850588838223, "id": ["H0036885", "H0036537"]}, "46": {"data": 0.043210231487689856, "id": ["H0036885"]}, "47": {"data": 0.043210231487689856, "id": ["H0036885"]}, "48": {"data": 0.043210231487689856, "id": ["H0036885"]}, "49": {"data": 0.10430881011386847, "id": ["H0036885", "H0037024", "H0036744", "H0036537", "H0036950", "H0036960"]}, "50": {"data": 0.24932835296127412, "id": ["H0036885", "H0036537"]}, "51": {"data": 0.043210231487689856, "id": ["H0036885"]}, "52": {"data": 0.17562237935965855, "id": ["H0036885", "H0036950"]}, "53": {"data": 0.14403410495896618, "id": ["H0036885"]}, "54": {"data": 0.14403410495896618, "id": ["H0037023"]}, "76": {"data": 0.04712524936875758, "id": ["H0037024", "H0036744", "H0036537"]}, "132": {"data": 0.0398849199846615, "id": ["H0037024", "H0036744"]}, "177": {"data": 0.0398849199846615, "id": ["H0037024", "H0036744"]}, "178": {"data": 0.0398849199846615, "id": ["H0037024", "H0036744"]}, "179": {"data": 0.13294973328220502, "id": ["H0037024", "H0036744"]}, "180": {"data": 0.0398849199846615, "id": ["H0037024", "H0036744"]}, "73": {"data": 0.031588274400692375, "id": ["H0036744"]}, "182": {"data": 0.031588274400692375, "id": ["H0036744"]}, "183": {"data": 0.10529424800230791, "id": ["H0036744"]}, "184": {"data": 0.031588274400692375, "id": ["H0036744"]}, "181": {"data": 0.10529424800230791, "id": ["H0037081"]}, "84": {"data": 0.10529424800230791, "id": ["H0036537"]}, "128": {"data": 0.031588274400692375, "id": ["H0036537"]}, "185": {"data": 0.10529424800230791, "id": ["H0036537"]}, "186": {"data": 0.031588274400692375, "id": ["H0036537"]}, "187": {"data": 0.10529424800230791, "id": ["H0036571"]}, "188": {"data": 0.10529424800230791, "id": ["H0036571"]}, "79": {"data": 0.1570841645625253, "id": ["H0036613", "H0036698", "H0036697"]}, "80": {"data": 0.10529424800230791, "id": ["H0036613"]}, "189": {"data": 0.10529424800230791, "id": ["H0036613"]}, "81": {"data": 0.13294973328220502, "id": ["H0036698", "H0036697"]}, "190": {"data": 0.10529424800230791, "id": ["H0036698"]}, "191": {"data": 0.10529424800230791, "id": ["H0036697"]}, "77": {"data": 0.0398849199846615, "id": ["H0036950", "H0036960"]}, "151": {"data": 0.0398849199846615, "id": ["H0036950", "H0036960"]}, "192": {"data": 0.031588274400692375, "id": ["H0036950"]}, "193": {"data": 0.0398849199846615, "id": ["H0036950", "H0036960"]}, "194": {"data": 0.10529424800230791, "id": ["H0036950"]}, "195": {"data": 0.13294973328220502, "id": ["H0036950", "H0036960"]}, "196": {"data": 0.10529424800230791, "id": ["H0036950"]}, "197": {"data": 0.10529424800230791, "id": ["H0036950"]}, "198": {"data": 0.0398849199846615, "id": ["H0036950", "H0036960"]}, "199": {"data": 0.0398849199846615, "id": ["H0036880", "H0036960"]}, "200": {"data": 0.0398849199846615, "id": ["H0036880", "H0036960"]}, "201": {"data": 0.10529424800230791, "id": ["H0036880"]}, "202": {"data": 0.13294973328220502, "id": ["H0036880", "H0036960"]}, "203": {"data": 0.0398849199846615, "id": ["H0036880", "H0036960"]}, "204": {"data": 0.031588274400692375, "id": ["H0036960"]}, "205": {"data": 0.031588274400692375, "id": ["H0036960"]}, "206": {"data": 0.031588274400692375, "id": ["H0036960"]}, "207": {"data": 0.031588274400692375, "id": ["H0036960"]}, "208": {"data": 0.10529424800230791, "id": ["H0036960"]}, "209": {"data": 0.10529424800230791, "id": ["H0036640"]}, "210": {"data": 0.1570841645625253, "id": ["H0036640", "H0037003", "H0037131"]}, "211": {"data": 0.1570841645625253, "id": ["H0036640", "H0037003", "H0037131"]}}, "country": {"0": {"data": 1.0, "id": ["H0036588", "H0036541", "H0036584", "H0036885", "H0037023", "H0037024", "H0036744", "H0037081", "H0036537", "H0036571", "H0036613", "H0036698", "H0036697", "H0036950", "H0036880", "H0036960", "H0036640", "H0037003", "H0037131"]}}, "region": {"1": {"data": 0.28506225155745557, "id": ["H0036588"]}, "2": {"data": 0.43961287093097456, "id": ["H0036541", "H0036537"]}, "3": {"data": 0.28506225155745557, "id": ["H0036584"]}, "4": {"data": 0.4802055192491396, "id": ["H0036885", "H0036950", "H0036880"]}, "5": {"data": 0.43961287093097456, "id": ["H0037023", "H0037024"]}, "162": {"data": 0.15455061937351902, "id": ["H0036744"]}, "91": {"data": 0.15455061937351902, "id": ["H0037081"]}, "163": {"data": 0.15455061937351902, "id": ["H0036571"]}, "164": {"data": 0.15455061937351902, "id": ["H0036613"]}, "57": {"data": 0.23056772224042035, "id": ["H0036698", "H0036697", "H0036640"]}, "165": {"data": 0.15455061937351902, "id": ["H0036960"]}, "166": {"data": 0.15455061937351902, "id": ["H0037003"]}, "167": {"data": 0.15455061937351902, "id": ["H0037131"]}}, "received": {"6": {"data": 1.0, "id": ["H0036588", "H0036541", "H0036584", "H0036885", "H0037023", "H0037024", "H0036744", "H0037081", "H0036537", "H0036571", "H0036613", "H0036698", "H0036697", "H0036950", "H0036880", "H0036960", "H0036640", "H0037003", "H0037131"]}}, "race": {"7": {"data": 1.0, "id": ["H0036588", "H0036541", "H0036584", "H0036885", "H0037023", "H0037024", "H0036744", "H0037081", "H0036537", "H0036571", "H0036613", "H0036698", "H0036697", "H0036950", "H0036880", "H0036960", "H0036640", "H0037003", "H0037131"]}}, "OCM": {"8": {"data": 0.6000992500069817, "id": ["H0036588", "H0036541", "H0036584", "H0036885", "H0037023", "H0037024", "H0037081"]}, "9": {"data": 0.6975478900880001, "id": ["H0036588", "H0036541", "H0036885", "H0037023", "H0037024", "H0037081", "H0036537", "H0036613", "H0036698", "H0036697", "H0036950", "H0036880", "H0036960", "H0036640"]}, "10": {"data": 0.14006044944165144, "id": ["H0036584"]}, "168": {"data": 0.106782210172229, "id": ["H0036744"]}, "60": {"data": 0.2309853015746673,